Timestamp,Video Title,Views,View Gain
2026-05-29 13:33:34,[MV] ABM - 'ヤラララ' (YARARARA) feat. 重音テト,1287848,0
2026-05-29 14:31:23,[MV] ABM - 'ヤラララ' (YARARARA) feat. 重音テト,1301752,13904
2026-05-29 15:31:53,[MV] ABM - 'ヤラララ' (YARARARA) feat. 重音テト,1316297,14545
2026-05-29 16:36:07,[MV] ABM - 'ヤラララ' (YARARARA) feat. 重音テト,1336463,20166
2026-05-29 17:27:00,[MV] ABM - 'ヤラララ' (YARARARA) feat. 重音テト,1349463,13000
2026-05-29 18:38:15,[MV] ABM - 'ヤラララ' (YARARARA) feat. 重音テト,1368479,19016
2026-05-29 19:31:52,[MV] ABM - 'ヤラララ' (YARARARA) feat. 重音テト,1388494,20015
2026-05-29 20:35:15,[MV] ABM - 'ヤラララ' (YARARARA) feat. 重音テト,1407064,18570
2026-05-29 21:29:03,[MV] ABM - 'ヤラララ' (YARARARA) feat. 重音テト,1422253,15189
2026-05-29 22:37:54,[MV] ABM - 'ヤラララ' (YARARARA) feat. 重音テト,1444096,21843
2026-05-29 23:54:38,[MV] ABM - 'ヤラララ' (YARARARA) feat. 重音テト,1481110,37014
2026-05-30 02:41:42,[MV] ABM - 'ヤラララ' (YARARARA) feat. 重音テト,1534206,53096
2026-05-30 05:08:35,[MV] ABM - 'ヤラララ' (YARARARA) feat. 重音テト,1570294,36088
2026-05-30 06:09:52,[MV] ABM - 'ヤラララ' (YARARARA) feat. 重音テト,1583111,12817
2026-05-30 08:00:19,[MV] ABM - 'ヤラララ' (YARARARA) feat. 重音テト,1609039,25928
2026-05-30 09:00:20,[MV] ABM - 'ヤラララ' (YARARARA) feat. 重音テト,1624714,15675
2026-05-30 10:00:26,[MV] ABM - 'ヤラララ' (YARARARA) feat. 重音テト,1641273,16559
2026-05-30 11:00:20,[MV] ABM - 'ヤラララ' (YARARARA) feat. 重音テト,1658910,17637
2026-05-30 12:00:21,[MV] ABM - 'ヤラララ' (YARARARA) feat. 重音テト,1677094,18184
2026-05-30 13:00:19,[MV] ABM - 'ヤラララ' (YARARARA) feat. 重音テト,1694908,17814
2026-05-30 14:00:21,[MV] ABM - 'ヤラララ' (YARARARA) feat. 重音テト,1714326,19418
2026-05-30 15:00:28,[MV] ABM - 'ヤラララ' (YARARARA) feat. 重音テト,1732018,17692
2026-05-30 16:00:28,[MV] ABM - 'ヤラララ' (YARARARA) feat. 重音テト,1749763,17745
2026-05-30 17:00:28,[MV] ABM - 'ヤラララ' (YARARARA) feat. 重音テト,1769137,19374
2026-05-30 18:09:03,[MV] ABM - 'ヤラララ' (YARARARA) feat. 重音テト,1787863,18726
2026-05-30 18:30:23,[MV] ABM - 'ヤラララ' (YARARARA) feat. 重音テト,1795211,7348
2026-05-30 19:00:28,[MV] ABM - 'ヤラララ' (YARARARA) feat. 重音テト,1805250,10039
2026-05-30 19:30:29,[MV] ABM - 'ヤラララ' (YARARARA) feat. 重音テト,1814622,9372
2026-05-30 20:00:29,[MV] ABM - 'ヤラララ' (YARARARA) feat. 重音テト,1825852,11230
2026-05-30 20:30:26,[MV] ABM - 'ヤラララ' (YARARARA) feat. 重音テト,1834726,8874
2026-05-30 21:00:28,[MV] ABM - 'ヤラララ' (YARARARA) feat. 重音テト,1847408,12682
2026-05-30 21:30:24,[MV] ABM - 'ヤラララ' (YARARARA) feat. 重音テト,1857599,10191
2026-05-30 22:00:26,[MV] ABM - 'ヤラララ' (YARARARA) feat. 重音テト,1869026,11427
2026-05-30 22:30:24,[MV] ABM - 'ヤラララ' (YARARARA) feat. 重音テト,1880028,11002
2026-05-30 23:00:26,[MV] ABM - 'ヤラララ' (YARARARA) feat. 重音テト,1888837,8809
2026-05-30 23:30:25,[MV] ABM - 'ヤラララ' (YARARARA) feat. 重音テト,1900183,11346
2026-05-31 00:00:31,[MV] ABM - 'ヤラララ' (YARARARA) feat. 重音テト,1910999,10816
2026-05-31 00:30:25,[MV] ABM - 'ヤラララ' (YARARARA) feat. 重音テト,1923255,12256
2026-05-31 01:00:26,[MV] ABM - 'ヤラララ' (YARARARA) feat. 重音テト,1934457,11202
2026-05-31 01:30:23,[MV] ABM - 'ヤラララ' (YARARARA) feat. 重音テト,1940412,5955
2026-05-31 02:00:26,[MV] ABM - 'ヤラララ' (YARARARA) feat. 重音テト,1951179,10767
2026-05-31 02:30:21,[MV] ABM - 'ヤラララ' (YARARARA) feat. 重音テト,1960194,9015
2026-05-31 03:00:28,[MV] ABM - 'ヤラララ' (YARARARA) feat. 重音テト,1967908,7714
2026-05-31 03:30:23,[MV] ABM - 'ヤラララ' (YARARARA) feat. 重音テト,1975654,7746
2026-05-31 04:00:27,[MV] ABM - 'ヤラララ' (YARARARA) feat. 重音テト,1983491,7837
2026-05-31 04:30:26,[MV] ABM - 'ヤラララ' (YARARARA) feat. 重音テト,1990576,7085
2026-05-31 05:00:30,[MV] ABM - 'ヤラララ' (YARARARA) feat. 重音テト,1998382,7806
2026-05-31 05:30:25,[MV] ABM - 'ヤラララ' (YARARARA) feat. 重音テト,2004870,6488
2026-05-31 06:00:30,[MV] ABM - 'ヤラララ' (YARARARA) feat. 重音テト,2011818,6948
2026-05-31 06:30:24,[MV] ABM - 'ヤラララ' (YARARARA) feat. 重音テト,2017099,5281
2026-05-31 07:00:34,[MV] ABM - 'ヤラララ' (YARARARA) feat. 重音テト,2023493,6394
2026-05-31 08:00:25,[MV] ABM - 'ヤラララ' (YARARARA) feat. 重音テト,2036823,13330
